<doc>
	<style name="Number" color="#FF8000" />
	<style name="Kwd1" color="#808080" />
	<style name="Kwd2" color="#0080FF" />
	<style name="Kwd3" color="#00509F" />
	<style name="Kwd4" color="#0000FF" />
	<style name="Kwd5" color="#800000" />
	<style name="Kwd6" color="#004000" />
	<style name="Comment" color="#008000" />
	<style name="Delim1" color="#A60000" />
	<style name="Delim2" color="#A8A8A8" backColor="#FFF3B0"/>
	<style name="Folding" color="#8000FF" />
	
	<rule style="Number">(\d)|([0][x][\dA-Fa-f]+)</rule> 
	<rule style="Kwd1">(Use|Namespace)</rule>
	<rule style="Kwd2">(Delegate|Enumeration|\[IF\]|\[ELSE\]|\[ELSE_IF\]|For|ForEach|DoWhile|Switch|Case|BreakConstruction|DefaultCase|Continue)</rule>
	<rule style="Kwd3">(NonInheritable|Abstract|Visibility:Public|Visibility:Private|Visibility:Protected|DefClass|DefInterface|Return|Event)</rule>
	<rule style="Kwd4">(String|Int32|Long|StaticObj|Int16|Void|Character|Object|Variable|NullValue)</rule>
	<rule style="Kwd5">(CatchException|DoFinally)</rule>
	<rule style="Kwd6">(TryDo)</rule>
	<rule style="Comment" options="Singleline">#(.+)</rule>
	<rule style="Delim1" options="Singleline,Multiline">&quot;(.+)&quot;|'(.+)'</rule>
	<rule style="Delim2">\[(.+)\];</rule>
	
	<folding style="Folding" start="{" finish="}" />
</doc>